bucket,id,client,month,bookType,amount,qb,how,seedId
"stamped","ex_spine_16333","Ballad Health","2025-03","Marketing","29800","16333","spine-client+month+amt","16333"
"stamped","xl_mkt_2025-03_32","Ballad Health","2025-03","Marketing","29800","16333","spine-client+month+amt","16333"
"stamped","xl_bd_2026-01_2","Community Health Development","2026-01","Deal","4000","16821","spine-client+month+amt","carri_qb_16821"
"stamped","carri_DDS8418","Community Health Development, Inc.","2026-01","Deal","4000","16821","spine-client+month+amt","carri_qb_16821"
"stamped","xl_pl_2026-01_4","Riverview Regional Medical Center","2026-01","Placement","19000","16857","spine-client+month+amt","carri_qb_16857"
"stamped","xl_pl_2026-01_3","Winn Community Health Center","2026-01","Placement","20000","16820","spine-client+month+amt","carri_qb_16820"
"stamped","xl_bd_2026-02_2","Community Health","2026-02","Deal","4000","16856","client+month+amt","carri_bd_aaron_r9_new_search_community_health_dev_dds8419_m02"
"stamped","xl_pl_2026-02_2","Community Health and Dental Care","2026-02","Placement","25000","16859","spine-client+month+amt","carri_qb_16859"
"stamped","xl_pl_2026-02_5","South Plains Rural Health Services, Inc","2026-02","Placement","20000","16893","spine-client+month+amt","carri_qb_16893"
"stamped","xl_bd_2026-03_4","Blue Sky MD","2026-03","Deal","6000","16899","spine-client+month+amt","carri_qb_16899"
"stamped","xl_bd_2026-03_5","Family Health Center","2026-03","Deal","4000","16933","spine-client+month+amt","carri_qb_16933"
"stamped","xl_bd_2026-03_6","Helen Newberry Joy Hospital & Healthcare Center","2026-03","Deal","5000","16934","spine-client+month+amt","carri_qb_16934"
"stamped","xl_pl_2026-03_4","Midland","2026-03","Placement","8000","16901","client+month+amt","carri_gm_stephanie_r12_placement_midland_rono_split_billi_m03"
"stamped","xl_pl_2026-03_5","W.J. Mangold Memorial Hospital","2026-03","Placement","19000","16935","spine-client+month+amt","carri_qb_16935"
"stamped","carri_MO8434","Concord Hospital","2026-04","Deal","9000","16974","client+amt","carri_bd_zach_r10_new_search_concord_cd8439_m05"
"stamped","xl_bd_2026-04_6","Concord Hospital","2026-04","Deal","9000","16974","client+amt","carri_bd_zach_r10_new_search_concord_cd8439_m05"
"stamped","xl_bd_2026-04_7","Concord Hospital","2026-04","Deal","9000","16974","client+amt","carri_bd_zach_r10_new_search_concord_cd8439_m05"
"stamped","xl_pl_2026-04_2","Midland","2026-04","Placement","8000","16902","client+month+amt","carri_gm_stephanie_r12_placement_midland_rono_split_billi_m04"
"stamped","xl_bd_2026-05_3","Concord Hospital","2026-05","Deal","9000","16974","client+month+amt","carri_bd_zach_r10_new_search_concord_cd8439_m05"
"stamped","xl_bd_2026-05_4","Concord Hospital","2026-05","Deal","9000","16974","client+month+amt","carri_bd_zach_r10_new_search_concord_cd8439_m05"
"stamped","xl_bd_2026-05_2","Riverview Regional Medical Center","2026-05","Deal","2000","16962","spine-client+month+amt","carri_qb_16962"
"stamped","xl_bd_2026-06_2","Bibb Medical Center","2026-06","Deal","4990","17010","spine-client+month+amt","carri_qb_17010"
"stamped","xl_pl_2026-06_3","Family Health Centers  (NH)","2026-06","Placement","20000","17006","spine-client+month+amt","carri_qb_17006"
"stamped","xl_pl_2026-06_2","South Central Medical & Resource Center","2026-06","Placement","20000","17005","spine-client+month+amt","carri_qb_17005"
"stamped","xl_pl_2026-07_4","Community Health Development Inc","2026-07","Placement","16000","17042","client+month+amt","carri_gm_amy_r8_placement_community_health_development_el_m07"
"stamped","xl_bd_2026-07_2","Copper Queen Commmunity","2026-07","Deal","5000","17037","spine-client+month+amt","carri_qb_17037"
"stamped","ex_spine_17021","Kittitas Valley Community Hospital","2026-07","Deal","790","17021","spine-client+month+amt","17021"
"stamped","ex_spine_17040","NMC Health","2026-07","Placement","28000","17040","spine-client+month+amt","carri_qb_17040"
"stamped","xl_pl_2026-07_3","NMC Health","2026-07","Placement","28000","17040","spine-client+month+amt","carri_qb_17040"
"stamped","xl_pl_2026-07_2","South Central Medical & Resource Center","2026-07","Placement","20000","17039","spine-client+month+amt","carri_qb_17039"
"stamped","xl_bd_2026-07_3","Winn Community Health Center","2026-07","Deal","2000","17033","spine-client+month+amt","carri_qb_17033"
"stamped","xl_pl_2026-08_4","Community Health Development Inc","2026-08","Placement","18000","17076","client+month+amt","carri_gm_amy_r11_placement_community_health_development_g_m08"
"stamped","xl_mkt_2026-08_35","Community Health Development INC","2026-08","Marketing","19800","17078","spine-client+month+amt","17078"
"stamped","ex_spine_17078","Community Health Development, INC","2026-08","Marketing","19800","17078","spine-client+month+amt","17078"
"stamped","xl_bd_2026-08_11","Family Health Center of Southern Oklahoma","2026-08","Deal","4790","17079","spine-client+month+amt","carri_qb_17079"
"stamped","xl_bd_2026-08_5","Hendrick Medical Center","2026-08","Deal","5000","17071","spine-client+month+amt","carri_qb_17071"
"stamped","ex_spine_17070","NMC Health","2026-08","Deal","20000","17070","spine-client+month+amt","17070"
"stamped","xl_bd_2026-08_10","Rogue Community Health","2026-08","Deal","4990","17077","spine-client+month+amt","carri_qb_17077"
"stamped","ex_spine_17089","Hendrick Medical Center","2026-09","Deal","2000","17089","spine-client+month+amt","carri_qb_17089"
"stamped","ex_spine_17074","Missouri Highlands Health Care","2026-09","Deal","9250","17074","spine-client+month+amt","17074"
"blank-2026-board","xl_bd_2026-01_3","Cullman Regional","2026-01","Deal","5000","","",""
"blank-2026-board","xl_bd_2026-01_4","Midland Health","2026-01","Deal","5000","","",""
"blank-2026-board","xl_pl_2026-01_2","Midland Health (1st half)","2026-01","Placement","9500","","",""
"blank-2026-board","xl_mkt_2026-02_33","Community Health Development","2026-02","Marketing","19800","","",""
"blank-2026-board","xl_mkt_2026-02_32","Cullman Regional","2026-02","Marketing","25000","","",""
"blank-2026-board","xl_pl_2026-02_4","SCMRC, Oklahoma (2nd 1/2 billing)","2026-02","Placement","13500","","",""
"blank-2026-board","xl_pl_2026-02_3","South Central Resource & Medical Center","2026-02","Placement","21000","","",""
"blank-2026-board","xl_bd_2026-03_2","Cullman","2026-03","Deal","5000","","",""
"blank-2026-board","xl_bd_2026-03_3","Cullman","2026-03","Deal","5000","","",""
"blank-2026-board","xl_mkt_2026-03_32","Cullman","2026-03","Marketing","19800","","",""
"blank-2026-board","xl_pl_2026-03_2","Cullman","2026-03","Placement","22000","","",""
"blank-2026-board","xl_pl_2026-03_3","Cullman","2026-03","Placement","22000","","",""
"blank-2026-board","xl_pl_2026-03_6","South Georgia Medical Center","2026-03","Placement","0","","",""
"blank-2026-board","xl_mkt_2026-04_32","CHDI","2026-04","Marketing","19800","","",""
"blank-2026-board","xl_bd_2026-04_2","Community Health Development Inc.","2026-04","Deal","5000","","",""
"blank-2026-board","xl_mkt_2026-04_33","Concord Hospital","2026-04","Marketing","13000","","",""
"blank-2026-board","xl_mkt_2026-04_34","Concord Hospital","2026-04","Marketing","13000","","",""
"blank-2026-board","xl_mkt_2026-04_36","Helen Newberry Joy Hospital","2026-04","Marketing","19800","","",""
"blank-2026-board","xl_mkt_2026-04_38","Indian Health of Santa Clara","2026-04","Marketing","13000","","",""
"blank-2026-board","xl_bd_2026-04_8","Indian Health of Santa Clara Valley","2026-04","Deal","10000","","",""
"blank-2026-board","xl_mkt_2026-04_35","Morongo Basin","2026-04","Marketing","19800","","",""
"blank-2026-board","xl_bd_2026-04_4","NMC Health","2026-04","Deal","5000","","",""
"blank-2026-board","xl_bd_2026-04_5","NMC Health","2026-04","Deal","5000","","",""
"blank-2026-board","xl_bd_2026-04_3","South Central Medical and Resource Center","2026-04","Deal","4000","","",""
"blank-2026-board","xl_mkt_2026-04_37","Woodland Heights Med Center","2026-04","Marketing","15000","","",""
"blank-2026-board","xl_pl_2026-05_2","Arnold/ NP/ Advanced Heart & Vascular","2026-05","Placement","16000","","",""
"blank-2026-board","xl_mkt_2026-05_32","Concord Hospital","2026-05","Marketing","13000","","",""
"blank-2026-board","xl_mkt_2026-05_33","Concord Hospital","2026-05","Marketing","13000","","",""
"blank-2026-board","xl_bd_2026-05_5","South Central Medical & Resource Center","2026-05","Deal","5","","",""
"blank-2026-board","xl_bd_2026-05_6","South Central Medical & Resource Center","2026-05","Deal","0","","",""
"blank-2026-board","xl_mkt_2026-05_35","South Central Medical & Resource Center","2026-05","Marketing","5000","","",""
"blank-2026-board","xl_mkt_2026-05_34","Winn Community","2026-05","Marketing","15000","","",""
"blank-2026-board","xl_mkt_2026-06_32","Midland Health","2026-06","Marketing","19800","","",""
"blank-2026-board","xl_mkt_2026-06_33","Midland Health","2026-06","Marketing","17800","","",""
"blank-2026-board","xl_mkt_2026-06_34","South Central Medical & Resource Center","2026-06","Marketing","5000","","",""
"blank-2026-board","xl_mkt_2026-07_34","Missouri Highlands Health Care (10k/4)","2026-07","Marketing","2500","","",""
"blank-2026-board","xl_mkt_2026-07_33","Missouri Highlands Health Care (14k/4)","2026-07","Marketing","3500","","",""
"blank-2026-board","xl_bd_2026-07_6","Missouri Highlands Health Care (3k/4)","2026-07","Deal","750","","",""
"blank-2026-board","xl_bd_2026-07_4","Missouri Highlands Health Care (5k/4)","2026-07","Deal","1250","","",""
"blank-2026-board","xl_bd_2026-07_5","Missouri Highlands Health Care (5k/4)","2026-07","Deal","1250","","",""
"blank-2026-board","xl_bd_2026-07_7","NMC Health","2026-07","Deal","5000","","",""
"blank-2026-board","xl_bd_2026-07_8","NMC Health","2026-07","Deal","5000","","",""
"blank-2026-board","xl_mkt_2026-07_36","NMC Health","2026-07","Marketing","5000","","",""
"blank-2026-board","xl_mkt_2026-07_37","NMC Health","2026-07","Marketing","5000","","",""
"blank-2026-board","xl_mkt_2026-07_32","South Central Medical & Resource Center","2026-07","Marketing","5000","","",""
"blank-2026-board","xl_mkt_2026-07_35","Winn Community","2026-07","Marketing","19800","","",""
"blank-2026-board","xl_bd_2026-08_12","Cullman Regional","2026-08","Deal","5000","","",""
"blank-2026-board","xl_bd_2026-08_13","Cullman Regional","2026-08","Deal","5000","","",""
"blank-2026-board","xl_mkt_2026-08_37","Cullman Regional Medical Center","2026-08","Marketing","29800","","",""
"blank-2026-board","xl_mkt_2026-08_36","Cullman REgional Medical Center","2026-08","Marketing","29800","","",""
"blank-2026-board","xl_bd_2026-08_6","Hendrick Medical Center","2026-08","Deal","0","","",""
"blank-2026-board","xl_bd_2026-08_7","Hendrick Medical Center","2026-08","Deal","0","","",""
"blank-2026-board","xl_bd_2026-08_8","Hendrick Medical Center","2026-08","Deal","0","","",""
"blank-2026-board","xl_bd_2026-08_9","Hendrick Medical Center","2026-08","Deal","0","","",""
"blank-2026-board","xl_mkt_2026-08_34","Missouri Highlands Health Care (10k/4)","2026-08","Marketing","2500","","",""
"blank-2026-board","xl_mkt_2026-08_33","Missouri Highlands Health Care (14k/4)","2026-08","Marketing","3500","","",""
"blank-2026-board","xl_bd_2026-08_4","Missouri Highlands Health Care (3k/4)","2026-08","Deal","750","","",""
"blank-2026-board","xl_bd_2026-08_2","Missouri Highlands Health Care (5k/4)","2026-08","Deal","1250","","",""
"blank-2026-board","xl_bd_2026-08_3","Missouri Highlands Health Care (5k/4)","2026-08","Deal","1250","","",""
"blank-2026-board","xl_mkt_2026-08_32","South Central Medical & Resource Center","2026-08","Marketing","5000","","",""
"blank-2026-board","xl_pl_2026-08_2","South Central Medical & Resource Center","2026-08","Placement","19000","","",""
"blank-2026-board","xl_pl_2026-08_3","South Central Medical & Resource Center","2026-08","Placement","5000","","",""
"blank-2026-board","xl_mkt_2026-09_33","Missouri Highlands Health Care (10k/4)","2026-09","Marketing","2500","","",""
"blank-2026-board","xl_mkt_2026-09_32","Missouri Highlands Health Care (14k/4)","2026-09","Marketing","3500","","",""
"blank-2026-board","xl_bd_2026-09_4","Missouri Highlands Health Care (3k/4)","2026-09","Deal","750","","",""
"blank-2026-board","xl_bd_2026-09_2","Missouri Highlands Health Care (5k/4)","2026-09","Deal","1250","","",""
"blank-2026-board","xl_bd_2026-09_3","Missouri Highlands Health Care (5k/4)","2026-09","Deal","1250","","",""
"blank-2026-board","xl_mkt_2026-10_33","Missouri Highlands Health Care (10k/4)","2026-10","Marketing","2500","","",""
"blank-2026-board","xl_mkt_2026-10_32","Missouri Highlands Health Care (14k/4)","2026-10","Marketing","3500","","",""
"blank-2026-board","xl_bd_2026-10_4","Missouri Highlands Health Care (3k/4)","2026-10","Deal","750","","",""
"blank-2026-board","xl_bd_2026-10_2","Missouri Highlands Health Care (5k/4)","2026-10","Deal","1250","","",""
"blank-2026-board","xl_bd_2026-10_3","Missouri Highlands Health Care (5k/4)","2026-10","Deal","1250","","",""
